pre_left,post_left,pre_right,post_right,pre_bottom,post_bottom
47.7039079806506,83.4407150745623,54.2391030567629,79.5733577891589,41.0669930313814,55.0598371190349
4.9245536082645,3.37671965683112,3.43753988094486,3.32628795447418,2.98355865297968,2.82821886052715
